Rank,Name,Best Time,Average Time,Total Races
1,n,0.6796,2.912375,4
2,pak,1.1347,2.4177,4
3,asd,1.7219,2.936925,4
4,asdasd,1.7274,2.5425333333333335,3
5,maks,1.9266,2.811133333333333,3
6,cni,1.9566,2.5616249999999994,4
